Yahoo_Close,Yahoo_High,Yahoo_Low,Yahoo_Open,Yahoo_Volume,VIX_Closing,Date
0.24758158079439618,0.19046651898561964,0.2794074940470246,0.22804840893835762,0.049405981345370074,0.17514134753891877,2020-01-01
0.01018247190548437,0.007353246955363804,0.012113241916372103,0.00873003246727674,0.018515868161151312,0.005241535628275978,2020-01-02
0.008935047066932374,0.006894971343528049,0.011317228864365522,0.008915778296578993,0.013882571889434486,0.027199320016999567,2020-01-03
0.008848016783638318,0.006186726222858928,0.010486605759955199,0.007827841512084245,0.013123173764653813,0.024791046890494384,2020-01-06
0.007890690583900805,0.0060200805458277456,0.009932858123880405,0.00774823579515758,0.0224600526536406,0.023941068139963162,2020-01-07
0.008470887861529774,0.0060617419650855426,0.00982902961696731,0.007005253743238521,0.024504468530816746,0.019124521886952822,2020-01-08
0.007977720867194865,0.005999250332842141,0.010071295032899101,0.007880911568272038,0.009294095896041401,0.006233177503895709,2020-01-09
0.007629601117318058,0.0055409737277198,0.009725202760352356,0.007190999572540773,0.009998996636951162,0.006516503754072811,2020-01-10
0.007629601117318058,0.005561804933991989,0.009552155798929918,0.0068460435746751395,0.01429665014258451,0.0031165887519478686,2020-01-13
0.005540889534554347,0.004291130156699332,0.006783415968257815,0.0051212661159268655,0.059813170744378245,0.004108230627567655,2020-01-14
0.0052507908957398625,0.003728700500075794,0.006852634422767165,0.004802844513510154,0.02120253825385289,0.004533220002833266,2020-01-15
0.0052798000679716,0.003687039080817997,0.006748805915854077,0.004670170005685645,0.01766784812241233,0.0031165887519478686,2020-01-16
0.0056569289900801414,0.003770361919333589,0.006714197513748467,0.004590564288758981,0.016304904204294902,0.0,2020-01-17
0.24758158079439618,0.19046651898561964,0.2794074940470246,0.22804840893835762,0.049405981345370074,0.17514134753891877,2020-01-20
0.005192771167976968,0.003770361919333589,0.006852634422767165,0.005041660399000202,0.013822471970773105,0.010624734381640438,2020-01-21
0.0051057408846829095,0.0035412236167724183,0.0065411505523260294,0.004510959837122263,0.009215151087630265,0.011474713132171688,2020-01-22
0.0052798000679716,0.0035412236167724183,0.0065411505523260294,0.004510959837122263,0.005408992679524315,0.012466355007791474,2020-01-23
0.004409504151528146,0.0035412236167724183,0.005814355954828796,0.004749774457322363,0.01703883626184618,0.0348491287717807,2020-01-24
0.004293464696002353,0.002937132540891083,0.0055028720843876555,0.0035822319559009512,0.006643078297460983,0.08683949567927471,2020-01-27
0.004090394957182502,0.0028329794893898865,0.005572090538897009,0.0038475835021298662,0.006757166278648689,0.0592151862870095,2020-01-28
0.003858316046130914,0.0028746409086476818,0.005399045227772702,0.0036353020120887458,0.0037404559546541025,0.06077348066298344,2020-01-29
0.003278118076852233,0.002458025722783137,0.004533813721256771,0.003316881674961982,0.011145478983618697,0.04802379940501489,2020-01-30
0.0030170286102694874,0.0020830729494629727,0.004360766759834329,0.00281271614117794,0.0105607780800317,0.0954809463096756,2020-01-31
0.003336137804615131,0.002166395787978565,0.004429985214343679,0.0027331110568962506,0.006149545914555233,0.08315625442697264,2020-02-03
0.0036842568628422234,0.0027288254446021032,0.004845296766548841,0.0031311371109496765,0.013980361587595377,0.0559569344099731,2020-02-04
0.004003364673888444,0.003062116798664469,0.005433653629878309,0.0034495574480764403,0.009287474718561757,0.04320725315200455,2020-02-05
0.0038873252183626496,0.0028329794893898865,0.005433653629878309,0.0035822319559009512,0.0035250130258933877,0.04051565377532229,2020-02-06
0.0029299990186251405,0.0024788569290553264,0.004153111396306284,0.0033434173357008512,0.009799851991217263,0.047740473154837815,2020-02-07
0.003307127940733682,0.00241636430352534,0.0040492837145422594,0.002653505339969585,0.009976586497789292,0.04164895877603059,2020-02-10
0.0035392068517852687,0.0027079942383299123,0.004776078312039493,0.002998461337835218,0.013226056676260584,0.04363224252727013,2020-02-11
0.004032375229419604,0.003270424888240037,0.005191389864244653,0.003396487391888646,0.02038507749578919,0.023232752514520477,2020-02-12
0.0038002963183680176,0.002749656650874294,0.005191389864244653,0.0033699517311497765,0.006435275188869088,0.029040940643150603,2020-02-13
0.0035392068517852687,0.0026038411868287157,0.005018342902822215,0.0033434173357008512,0.003893761679375083,0.022382773763989228,2020-02-14
0.24758158079439618,0.19046651898561964,0.2794074940470246,0.22804840893835762,0.049405981345370074,0.17514134753891877,2020-02-17
0.003655246307311063,0.002374702884267545,0.004810687539294166,0.003078067054761882,0.003307532811754322,0.03867403314917128,2020-02-18
0.003916335773893812,0.0027704868638598985,0.00467225063027547,0.0032107415625863946,0.009039944545092002,0.03229919252018701,2020-02-19
0.0038873252183626496,0.0028329794893898865,0.005329826773263352,0.003476091843525362,0.0037898601250791353,0.04901544128063465,2020-02-20
0.0035972265795481666,0.0025830099805565247,0.00491451522105819,0.0033699517311497765,0.0044692947987594964,0.07054823629409263,2020-02-21
0.0026108905159292067,0.0020622422398340725,0.00391084680552356,0.002786181113084045,0.013996659870622192,0.1831704207394815,2020-02-24
0.002204751729939218,0.0017706118083862096,0.0033917075715543758,0.0024412251152184103,0.018486836844509795,0.22311942201444965,2020-02-25
0.0017115840439545938,0.0014164892480516495,0.002734131428566492,0.0019370589487893953,0.019897147647673905,0.219011191386882,2020-02-26
0.0019436629550061806,0.0014373204543238422,0.0021111653379823486,0.0010083323328580291,0.015591854321871735,0.3833404164895877,2020-02-27
0.0023207911854650105,0.0016247968409839235,0.002664912974057144,0.0013002176418908966,0.019731108889338225,0.3967984133729989,2020-02-28
0.002988018746388035,0.0018955960661595972,0.002837959935479582,0.00199012900497719,0.012173798778341823,0.3020257826887661,2020-03-02
0.002407821468759069,0.001978919401318482,0.0032186614352810033,0.0027331110568962506,0.017644419340561282,0.35019124521886946,2020-03-03
0.0028139595630993462,0.0018539346469018001,0.003080224526262304,0.0022820149466550284,0.017517598325758874,0.2817679558011049,2020-03-04
0.003365147668496578,0.0021872264976074618,0.003530144480573075,0.002255479918561132,0.014165245235680813,0.3898569202436605,2020-03-05
0.0032491082129707857,0.002353872671281939,0.004118502169051609,0.0026269703118756904,0.0065121827119018726,0.4227227652642017,2020-03-06
0.0026108905159292067,0.0021455650783496665,0.0032186614352810033,0.0019635939768832917,0.0097473918927247,0.6000849978750531,2020-03-09
0.004148414684945399,0.002749656650874294,0.004256939078070307,0.0028923212254596308,0.020602048388583663,0.49865420031165886,2020-03-10
0.0038873252183626496,0.0027288254446021032,0.004949124448312865,0.0034230217873375693,0.01831468623003906,0.5921518628700949,2020-03-11
0.003423167396259476,0.0022913800457519526,0.0031494429807716537,0.002255479918561132,0.021927302527201577,0.8977192236860744,2020-03-12
0.005192771167976968,0.0035620548230446093,0.004429985214343679,0.003396487391888646,0.025308177612576567,0.6478254710298909,2020-03-13
0.004554552779285676,0.0033954091460134247,0.00460303217576612,0.0028657861973657326,0.020619874635644242,0.9999999999999999,2020-03-16
0.004148414684945399,0.0035620548230446093,0.005329826773263352,0.0041129337830688355,0.013975777695494086,0.9039524011899701,2020-03-17
0.0028139595630993462,0.0027288254446021032,0.0032186614352810033,0.003316881674961982,0.014431620298900326,0.9116022099447515,2020-03-18
0.004032375229419604,0.00262467139981432,0.0033917075715543758,0.0022820149466550284,0.02149998191909227,0.8485621192803513,2020-03-19
0.0027849496992178972,0.002374702884267545,0.0037378006692501894,0.0032638116187741874,0.035163545630353926,0.7641308967275818,2020-03-20
0.0029299990186251405,0.0019164267757884957,0.0032186614352810033,0.0019370589487893953,0.026441926925629404,0.7010908060631817,2020-03-23
0.003945344946125544,0.002645502606086511,0.004568422948511442,0.002918856253553527,0.03049510618586053,0.70222411106389,2020-03-24
0.003974355501656708,0.003228762475695655,0.0050875613573315645,0.0034495574480764403,0.014128064777525892,0.7345233035840771,2020-03-25
0.004670592234811468,0.003687039080817997,0.005779745902425056,0.0036883720682765386,0.02733782317075966,0.6927326816829579,2020-03-26
0.004119404129414238,0.004478607040002709,0.0054682636822820496,0.005545826565429217,0.03161153857319737,0.7570477404731549,2020-03-27
0.002465841196521967,0.0027704868638598985,0.0037378006692501894,0.0036353020120887458,0.012898053730345927,0.6372007366482504,2020-03-30
0.0020306925466505275,0.001791442518015108,0.0032186614352810033,0.0020697347219038537,0.007551707576205933,0.5870519903669075,2020-03-31
0.0013054452579646034,0.0011456900228759758,0.001903509149305236,0.001592103583568735,0.019102097028772073,0.6369174103980734,2020-04-01
0.0001450493194072415,0.0008540595914281112,0.0009690591882799554,0.00108793741713972,0.016533080166670315,0.5497945884686215,2020-04-02
0.0,0.0,0.0,0.0,0.015341777541679038,0.49157104405723184,2020-04-03
0.0008412867442117167,0.0005415989469946406,0.0008998407337706057,2.6535028093897274e-05,0.01284661227454254,0.46947159654341974,2020-04-06
0.0013634649857275014,0.001041536474731486,0.0018342906947958863,0.0014328934150053532,0.010281669983197489,0.49015441280634653,2020-04-07
0.00176960377171749,0.0015206432928394336,0.0021803837924916983,0.0010083323328580291,0.010524106943221366,0.4426972659016858,2020-04-08
0.0031620786213264387,0.0027288254446021032,0.0031840522080263285,0.00199012900497719,0.025926493724906373,0.41889786088681114,2020-04-09
0.24758158079439618,0.19046651898561964,0.2794074940470246,0.22804840893835762,0.049405981345370074,0.17514134753891877,2020-04-10
0.005627918434548981,0.00379119312560578,0.0055028720843876555,0.0037149077290154096,0.030693232188905253,0.41181470463238423,2020-04-13
0.0091381154224528,0.007353246955363804,0.008894579655942033,0.006262272956609406,0.06462472948670085,0.3635075789771922,2020-04-14
0.007165443295214884,0.005686789191765378,0.008063958201829844,0.00745634985347974,0.03403132428133485,0.4071398215044624,2020-04-15
0.006469206562060121,0.0052076823736574305,0.007994739747320494,0.006023457071119361,0.013006539176743164,0.3967984133729989,2020-04-16
0.006034057912188683,0.004874391019595063,0.0064373220454129396,0.006288807352058332,0.02462568701082868,0.36903244085564524,2020-04-17
0.008151780050483556,0.006165896009873324,0.0076486474747737496,0.005307010679939171,0.026824936576759564,0.4494970959059357,2020-04-20
0.005743959273374198,0.004916052438852858,0.0075794290202644,0.006315343012797201,0.016929332172759763,0.4718798696699248,2020-04-21
0.006063067084420419,0.004645252717033892,0.007821692785898057,0.006076527127307155,0.009471339723958017,0.42328941776455586,2020-04-22
0.005511878979023187,0.004061991854138161,0.006956461279382126,0.005041660399000202,0.007373445105600141,0.41478963025924354,2020-04-23
0.005714948717843038,0.003978669015622569,0.007233335097419517,0.0051212661159268655,0.007222176666257511,0.33758322708598953,2020-04-24
0.008760987883643684,0.006353371899890115,0.007752474331388707,0.005307010679939171,0.03288636989870108,0.3001841620626151,2020-04-27
0.008238808950478186,0.006457525944677896,0.008617705837904638,0.008146261849211009,0.022318461319845148,0.30415072956509426,2020-04-28
0.009399204889035548,0.006561679989465681,0.009967466525986013,0.007907445963720963,0.01299482478581764,0.271001558294376,2020-04-29
0.008499898417060937,0.006332541686904509,0.010625042668973898,0.008013586076096552,0.006901813540511675,0.31236719082022946,2020-04-30
0.00942821544456671,0.006749155879482468,0.009967466525986013,0.007429815458030818,0.016234108537397172,0.35543278084714547,2020-05-01
0.0077746511283750125,0.006228387642116725,0.009794421214861706,0.007933981624459834,0.016552434377764658,0.3381498795863437,2020-05-04
0.007513561661792265,0.005603466353249786,0.009621374253439268,0.007164465177091849,0.006558530954259378,0.3047173820654484,2020-05-05
0.006179106539946213,0.005124359535141838,0.008063958201829844,0.006766439123038421,0.01299482478581764,0.3119422014449639,2020-05-06
0.006005047356657522,0.004145314692653754,0.007198726695313913,0.005253940623751378,0.008569840944037298,0.2739764839212353,2020-05-07
0.006324156551003168,0.0046869141362916875,0.007787084383792445,0.005386616396865835,0.007815026711357918,0.22496104264060066,2020-05-08
0.005685939545611302,0.00420780731818374,0.007544818967860658,0.005492756509241422,0.004487121045820077,0.21915285451197056,2020-05-11
0.0050477211569200115,0.004124484479668149,0.0065411505523260294,0.0051212661159268655,0.009274741684947059,0.29664258393540155,2020-05-12
0.004090394957182502,0.0033329165204834385,0.005191389864244653,0.004484424176383394,0.010515957801707958,0.3283751239552345,2020-05-13
0.003858316046130914,0.0026038411868287157,0.004810687539294166,0.0034495574480764403,0.0060441163962255216,0.2905510695565944,2020-05-14
0.004119404129414238,0.003145439637180063,0.0050875613573315645,0.003184207167137471,0.005716622771655452,0.2803513245502196,2020-05-15
0.005163760612445806,0.003520393403786814,0.006195058279779283,0.0041129337830688355,0.007874107987330122,0.24366057515228787,2020-05-18
0.004757622518105527,0.003770361919333589,0.006229666681884892,0.004590564288758981,0.0052078107484120634,0.26108513953817825,2020-05-19
0.004728611962574366,0.0036453776615602016,0.006125839825269937,0.004378284064007805,0.008787830479520952,0.22510270576568917,2020-05-20
0.004757622518105527,0.0035620548230446093,0.0063334951887979805,0.004245608290893348,0.0058760403525114895,0.2469188270293243,2020-05-21
0.004003364673888444,0.003228762475695655,0.005399045227772702,0.004272143951632217,0.007954071438430434,0.22751097889219438,2020-05-22
0.24758158079439618,0.19046651898561964,0.2794074940470246,0.22804840893835762,0.049405981345370074,0.17514134753891877,2020-05-25
0.0046996027903426305,0.003478731984529017,0.006091229772866193,0.003953723614505457,0.013891739673637068,0.2253860320158663,2020-05-26
0.005482869806791451,0.003687039080817997,0.006195058279779283,0.004564029893310056,0.011859038187386454,0.21986117013741327,2020-05-27
0.004438513323759883,0.00379119312560578,0.005987402916251236,0.005041660399000202,0.006955801603038001,0.23360249327100155,2020-05-28
0.003655246307311063,0.0030829480049366616,0.005122171409735303,0.003927187953766584,0.01601051646712305,0.21830287576143934,2020-05-29
0.003858316046130914,0.002957963747163274,0.005018342902822215,0.0033699517311497765,0.009134168993840777,0.22850262076781416,2020-06-01
0.004003364673888444,0.002853809702375491,0.005156779811840912,0.0037679777852032024,0.007900592697248698,0.20881144638050717,2020-06-02
0.004757622518105527,0.003291255101225643,0.005641308993406358,0.0036883720682765386,0.011302859279096383,0.19209519762005953,2020-06-03
0.0048446514181001606,0.003707869293803603,0.006229666681884892,0.004219073895444425,0.013731812771436444,0.19422014449638755,2020-06-04
0.0038873252183626496,0.003062116798664469,0.005260608318754006,0.003821047841390997,0.027789591203409195,0.17594560135996598,2020-06-05
0.006411186834297224,0.004582760091503904,0.005883574409338146,0.0037945134459420734,0.047445829855092984,0.19422014449638755,2020-06-08
0.00626613682324027,0.004291130156699332,0.006852634422767165,0.005705036733992599,0.0369522821925469,0.21915285451197056,2020-06-09
0.006585246017585915,0.005395159256960806,0.0073025535519288705,0.0051212661159268655,0.049853391850960355,0.21915285451197056,2020-06-10
0.004554552779285676,0.004082823060410352,0.005572090538897009,0.004749774457322363,0.027594011807087412,0.40643150587901966,2020-06-11
0.005569898706786083,0.003832854544863577,0.00629888513639424,0.004643634344946774,0.018131839867331974,0.3398498370874061,2020-06-12
0.005482869806791451,0.003812023338591386,0.00640271364330733,0.004378284064007805,0.01574210411852519,0.3159087689474429,2020-06-15
0.005337819795734496,0.004186976111911549,0.006714197513748467,0.00557236096087814,0.011730179887205696,0.30556736081597957,2020-06-16
0.005685939545611302,0.003937007596364774,0.006783415968257815,0.004484424176383394,0.014135195276350121,0.30273409831420883,2020-06-17
0.006237126267709109,0.004186976111911549,0.007198726695313913,0.004829380174249027,0.013270876954584324,0.29522595268451624,2020-06-18
0.006034057912188683,0.004457775833730517,0.0073371636043326124,0.00557236096087814,0.03335239892899908,0.3261085139538178,2020-06-19
0.006005047356657522,0.004186976111911549,0.00744099046094757,0.005147800511375789,0.01202354898168837,0.27865136704915705,2020-06-22
0.005889007901131728,0.004270298950427141,0.007717865929283096,0.00557236096087814,0.012158519138004182,0.27298484204561557,2020-06-23
0.004670592234811468,0.003957838802636966,0.0062642767342886325,0.005253940623751378,0.01099115461620854,0.30797563394248484,2020-06-24
0.004815642245868425,0.0033329165204834385,0.005987402916251236,0.003927187953766584,0.00831518027174331,0.28502620767814135,2020-06-25
0.00449653305152278,0.003249593681967846,0.005883574409338146,0.004325214007820012,0.015193055709059352,0.32058365207536477,2020-06-26
0.004583563334816836,0.003291255101225643,0.005987402916251236,0.003980258009954379,0.006687389254440136,0.2787930301742456,2020-06-29
0.0044675238792910455,0.003270424888240037,0.005641308993406358,0.003927187953766584,0.015640239849607593,0.2596685082872928,2020-06-30
0.004757622518105527,0.003249593681967846,0.006022011318356843,0.0038741178975787915,0.007565968573854397,0.2340274826462672,2020-07-01
0.004322473868234089,0.003270424888240037,0.005952792863847495,0.0043517484032689355,0.0054466824590238255,0.22071114888794444,2020-07-02
0.24758158079439618,0.19046651898561964,0.2794074940470246,0.22804840893835762,0.049405981345370074,0.17514134753891877,2020-07-03
0.004177423857177134,0.0029163023279054805,0.005606700591300749,0.0038741178975787915,0.00673679342486517,0.2243943901402465,2020-07-06
0.003742276590605123,0.0027288254446021032,0.005156779811840912,0.0035822319559009512,0.008344720909729413,0.24550219577843888,2020-07-07
0.004235444968239455,0.0028121482831176955,0.005052952955225955,0.003316881674961982,0.006288081320283162,0.22637767389148603,2020-07-08
0.004090394957182502,0.0028746409086476818,0.005399045227772702,0.0037679777852032024,0.005981469870841201,0.24309392265193372,2020-07-09
0.0044675238792910455,0.002999625166421071,0.005572090538897009,0.0035822319559009512,0.0030182382880283515,0.2151862870094914,2020-07-10
0.004235444968239455,0.0033537477267556294,0.005848966007232536,0.003980258009954379,0.017306739289099454,0.28460121830287577,2020-07-13
0.003713266035073959,0.002853809702375491,0.005191389864244653,0.0036353020120887458,0.007351544287782858,0.24677716390423574,2020-07-14
0.004032375229419604,0.0028121482831176955,0.005399045227772702,0.003396487391888646,0.0033406386991525405,0.2218444538886528,2020-07-15
0.003974355501656708,0.00262467139981432,0.005260608318754006,0.0035556975604520277,0.0026072159629458537,0.22524436889077773,2020-07-16
0.003365147668496578,0.002687164025344308,0.004741469084784818,0.003476091843525362,0.011448015862303956,0.19237852387023655,2020-07-17
0.003046038474150933,0.002333041465009748,0.004153111396306284,0.002918856253553527,0.013155261009362854,0.17509562260943476,2020-07-20
0.003510197679553533,0.0023955340905397375,0.004533813721256771,0.002786181113084045,0.012833369919583252,0.18047882136279927,2020-07-21
0.0038002963183680176,0.002458025722783137,0.00467225063027547,0.0031046014502108072,0.00868545688925877,0.17311233885819524,2020-07-22
0.0038002963183680176,0.002853809702375491,0.005156779811840912,0.00329034727951306,0.01232048332558316,0.19804504887377813,2020-07-23
0.003568217407316429,0.002687164025344308,0.004983734500716605,0.0032107415625863946,0.007118784433306153,0.1946451338716532,2020-07-24
0.003510197679553533,0.002458025722783137,0.004776078312039493,0.0031046014502108072,0.008426721646208076,0.17906219011191385,2020-07-27
0.003307127940733682,0.0023122112520241435,0.00467225063027547,0.0029453912816474253,0.01903435728994187,0.18897860886811166,2020-07-28
0.003655246307311063,0.0025830099805565247,0.00467225063027547,0.0028923212254596308,0.010499150197336556,0.16999575010624737,2020-07-29
0.003771285762836857,0.002687164025344308,0.004845296766548841,0.0030515313940230127,0.008048805208523798,0.17934551636209098,2020-07-30
0.003510197679553533,0.002541348561298726,0.00491451522105819,0.0032107415625863946,0.005404918108767611,0.17509562260943476,2020-07-31
0.003916335773893812,0.0027288254446021032,0.004949124448312865,0.0031311371109496765,0.008655406929928078,0.1725456863578411,2020-08-03
0.004728611962574366,0.003749530713061398,0.005399045227772702,0.003396487391888646,0.04860555455671981,0.165179203853237,2020-08-04
0.0053088106235027605,0.00379119312560578,0.005814355954828796,0.004378284064007805,0.020887777662897518,0.15427114322141947,2020-08-05
0.004728611962574366,0.0035828850360302136,0.0062642767342886325,0.004643634344946774,0.00551595016188779,0.1494545969684091,2020-08-06
0.003945344946125544,0.0030412865856788663,0.005156779811840912,0.004086398122329966,0.012849668202610067,0.14322141946451342,2020-08-07
0.004438513323759883,0.0033954091460134247,0.005572090538897009,0.0035822319559009512,0.0190669538559955,0.14208811446380507,2020-08-10
0.00449653305152278,0.0033954091460134247,0.006125839825269937,0.004192538234705554,0.01181931112250859,0.1690041082306276,2020-08-11
0.004989701429157115,0.003520393403786814,0.006195058279779283,0.0041129337830688355,0.011405742190703155,0.1442130613401332,2020-08-12
0.005337819795734496,0.003687039080817997,0.006679587461344727,0.004431354120195599,0.006672618935447084,0.14208811446380507,2020-08-13
0.0056569289900801414,0.003937007596364774,0.006852634422767165,0.004643634344946774,0.013528593554945843,0.14095480946309677,2020-08-14
0.0053088106235027605,0.003832854544863577,0.006887242824872776,0.0051212661159268655,0.007908741838762105,0.13103839070689902,2020-08-17
0.005830988173368832,0.004020330434880366,0.0064373220454129396,0.004670170005685645,0.015362150395462558,0.13330500070831566,2020-08-18
0.005569898706786083,0.003957838802636966,0.007164116642910171,0.00517433617211466,0.009139262207286657,0.14789630259243516,2020-08-19
0.0052507908957398625,0.0036245464552880106,0.006714197513748467,0.004696704401134569,0.008266285422662865,0.15044623884402888,2020-08-20
0.006469206562060121,0.0055409737277198,0.007025679733891475,0.004643634344946774,0.0500377661777012,0.14789630259243516,2020-08-21
0.006005047356657522,0.0045619298785183,0.006887242824872776,0.005970387014931568,0.019187153693318262,0.14548802946593,2020-08-24
0.006324156551003168,0.004811898394065075,0.007994739747320494,0.005386616396865835,0.011105751918740836,0.1406714832129197,2020-08-25
0.006701285473111709,0.004749405768535089,0.008133176656339194,0.005625431017065935,0.009990338174093167,0.15823771072389856,2020-08-26
0.007107423567451986,0.005082698115884043,0.008479268928885939,0.005996922675670437,0.013070204344816662,0.17523728573452327,2020-08-27
0.007513561661792265,0.005478482095476398,0.009171453473979432,0.006501088842099452,0.017412168807429164,0.15384615384615388,2020-08-28
0.011255837560747672,0.00876973719670204,0.010798089630396336,0.00774823579515758,0.18925260657931126,0.20271993200169994,2020-08-31
0.014069797815496731,0.010165396231768084,0.014535889474497458,0.011808099522038627,0.11378442566633237,0.19861170137413234,2020-09-01
0.014243856998785422,0.010644503049876033,0.015712604851454526,0.01313485219202342,0.062101042224267426,0.20498654200311658,2020-09-02
0.014562966193131063,0.011477731435031953,0.01616252398061623,0.013347132416774588,0.0688923330330035,0.30457571894035984,2020-09-03
0.014069797815496731,0.010373703328057066,0.015920260214982572,0.013081782135835624,0.034856934180911965,0.2642017282901261,2020-09-04
0.24758158079439618,0.19046651898561964,0.2794074940470246,0.22804840893835762,0.049405981345370074,0.17514134753891877,2020-09-07
0.01421484644325426,0.011123608874697394,0.01699314708502656,0.012471475857031022,0.04583077187140451,0.27425981017141243,2020-09-08
0.013199500515753852,0.010519517798816061,0.016404789396548016,0.013559412641525766,0.04201850160716351,0.23671908202294942,2020-09-09
0.009950392994432782,0.008353122010837495,0.012528552643428198,0.010083320798000405,0.07507447551361238,0.24946876328091797,2020-09-10
0.009544254900092506,0.0070616170205592315,0.01142105572098048,0.00904845406969345,0.026703718096747625,0.2092364357557728,2020-09-11
0.011923065121670698,0.008457276055625278,0.01335917409754039,0.010481346852053833,0.047370959617438556,0.19478679699674176,2020-09-14
0.012445244054836196,0.00899887549926321,0.01425901565646006,0.010640557020617211,0.025085604184991624,0.19110355574443974,2020-09-15
0.01705781725353448,0.012706744793066816,0.015435731033417128,0.011091653130858435,0.09390917883647576,0.197478396373424,2020-09-16
0.018566330175369797,0.014227389079192833,0.020211807695158495,0.015178049987898453,0.08255335013754223,0.20342824762714265,2020-09-17
0.019349598575118043,0.014227389079192833,0.021942270708190357,0.016849758655748878,0.08449284581773324,0.19450347074656463,2020-09-18
0.017260885609054907,0.013873266518858278,0.020107980838543524,0.01724778597509226,0.03474386484241343,0.22212778013882986,2020-09-21
0.022511677196444483,0.017143690413811728,0.025368586681850335,0.02016664033071086,0.17283463303651783,0.20909477263068424,2020-09-22
0.021003161508010314,0.01649793692538601,0.025437806786657812,0.020564667650054238,0.05008156781333577,0.23346083014591298,2020-09-23
0.018392272375380533,0.014310711917708427,0.02228836463103523,0.018203046986472543,0.03626673566273148,0.23246918827029325,2020-09-24
0.020945143163546842,0.015081448670620945,0.02259984850147637,0.01682322299501001,0.03410925044705681,0.2022949426264343,2020-09-25
0.02114821151906727,0.01524809434765213,0.024157264553085787,0.019397123883342884,0.030284756470545696,0.19960334324975212,2020-09-28
0.021902469363284358,0.01606049152653586,0.025472416839061558,0.018972563433840527,0.022508947502721047,0.20073664825046042,2020-09-29
0.02146731933011349,0.016289630822383615,0.025922337618521394,0.019635939768832922,0.02679437729608429,0.2021532795013458,2020-09-30
0.02021989587486092,0.015227263141379937,0.0246417920843531,0.019211379319330573,0.01902773611246223,0.2068281626292676,2020-10-01
0.019117519664066454,0.014248218298891852,0.02329203304656986,0.017327390426728966,0.01793982572042231,0.22000283326250178,2020-10-02
0.01932058801958688,0.013852435312586082,0.02311898608514742,0.017486599330002406,0.010119196474273924,0.22467771639042358,2020-10-05
0.018363261819849368,0.014373203549951828,0.02259984850147637,0.01780502219770906,0.018932493021024274,0.2462105114038816,2020-10-06
0.019030487997472974,0.013789943680342684,0.022842112267110023,0.016929363107385596,0.012684138765618977,0.22609434764130895,2020-10-07
0.031011573538556284,0.022288881155225756,0.022911329071321238,0.017751950876231323,0.3852272362644947,0.20201161637625722,2020-10-08
0.02674712147303423,0.024705245458751097,0.032290438733977786,0.02648198334350806,0.3887884111058538,0.18274543136421587,2020-10-09
0.026108903084342938,0.02047660792758175,0.03055997572094592,0.02337738189329726,0.11631626207027922,0.18373707323983565,2020-10-12
0.026340981995394516,0.019747531600640442,0.03142520722746185,0.023563126457309562,0.04768011767360346,0.19790338574868963,2020-10-13
0.027414347650657825,0.020289131044278375,0.0328095796182451,0.02605742289400571,0.050642839935071716,0.20257826887661137,2020-10-14
0.031997910293824955,0.025330167740904623,0.03260192260441892,0.024253038453040828,0.19902546453926537,0.21065306700665817,2020-10-15
0.030489397371989635,0.022830478612290518,0.036374332500923784,0.02897627978020421,0.055176818544593886,0.2168862445105539,2020-10-16
0.03222998920487655,0.02408032317659757,0.03741261096886214,0.028100620689880746,0.06290576994871643,0.24196061765122537,2020-10-19
0.032084939193819585,0.023330417629957242,0.038416279384396776,0.02966618924535559,0.029468314355171166,0.24436889077773058,2020-10-20
0.0327811786935732,0.023913677499566386,0.03886620016385661,0.02932123324748995,0.023142033934043904,0.23445247202153277,2020-10-21
0.03513097835962023,0.02693413287897306,0.04021595920163987,0.030117285355596806,0.07840492778587316,0.22680266326675166,2020-10-22
0.03539206782620298,0.025913427610513767,0.041461894683404416,0.03237276590680291,0.02897580061495459,0.21886952826179348,2020-10-23
0.030895534083030488,0.026059242081272763,0.03699730024180606,0.03205434556967614,0.06396108377470272,0.28842612268026635,2020-10-26
0.02869078166144156,0.022434695625984748,0.03388246483799094,0.028817068346350883,0.032661759185737785,0.3010341408131464,2020-10-27
0.02616692142880641,0.021059867797190896,0.03187512800692169,0.024996021770249833,0.028371236178928665,0.3992066864995042,2020-10-28
0.02590583196222366,0.019393409040305884,0.03152903738467307,0.023961153776652932,0.017050041331427117,0.36109930585068706,2020-10-29
0.022250587729861732,0.018122735256299812,0.026960612785863498,0.023324313102399408,0.054643559096810276,0.36719082022949423,2020-10-30
0.02306286391854229,0.016977044736780543,0.027445143617727073,0.02114843700283002,0.022454959440194724,0.3545828020966143,2020-11-02
0.025441674140120482,0.01858100987484898,0.027895064397186902,0.020962692438817716,0.03380009239089191,0.33220002833262496,2020-11-03
0.02352702174064547,0.018393534978118777,0.027825844292379432,0.02364273343952617,0.025413607130906284,0.24748547952967845,2020-11-04
0.0250935557735431,0.018539349448877772,0.029383263644585118,0.02234251643028025,0.019797320664134664,0.21929451763705907,2020-11-05
0.0262829608843322,0.0192267633632747,0.030283101902908522,0.023005892765272644,0.023938103195634913,0.18076214761297635,2020-11-06
0.025209595229068897,0.020809899281644118,0.03004083813727487,0.026296238779495756,0.027639341406755745,0.19337016574585633,2020-11-09
0.024078211229342124,0.018164395682271024,0.028587248942280406,0.022952821443794905,0.015319367402517168,0.17991216886244513,2020-11-10
0.025963853073285983,0.018768486758152358,0.02990240122825617,0.022952821443794905,0.020700856729433732,0.16078764697549228,2020-11-11
0.024165240129336747,0.018601841081121173,0.02907177977414398,0.023589662118048433,0.018005018852529572,0.1877036407423148,2020-11-12
0.023817121762759373,0.017935258372996435,0.029175606630758934,0.022581329785190403,0.013841826181867448,0.1558294375973934,2020-11-13
0.026863160928560018,0.020247468631733996,0.028206548267628046,0.022050629223312468,0.045617875549366735,0.1466213344666383,2020-11-16
0.025615734706708596,0.018705995125908956,0.029971618032467385,0.023350846232558387,0.02984623079285545,0.15030457571894038,2020-11-17
0.025441674140120482,0.01895596364145573,0.03111372665761698,0.02374887355190176,0.011974144811263335,0.1663125088539453,2020-11-18
0.028023555483817957,0.02051826835355296,0.03073302268236836,0.023218172990023826,0.055869495573233535,0.1559711007224819,2020-11-19
0.028748802772503877,0.021913927388619005,0.034505432578873216,0.025739002556878946,0.038592296922120184,0.16432922510270573,2020-11-20
0.03220097864934538,0.02328875521741286,0.03495535335833305,0.02666772790752037,0.04472299794692566,0.14959626009349766,2020-11-23
0.03153375247172178,0.023580386145504017,0.03713573715082476,0.030196889807233524,0.03241830358302473,0.13514662133446667,2020-11-24
0.03466682053751705,0.0256426278886948,0.037551047877880855,0.028525183669962994,0.04095911321042051,0.1296217594560136,2020-11-25
0.24758158079439618,0.19046651898561964,0.2794074940470246,0.22804840893835762,0.049405981345370074,0.17514134753891877,2020-11-26
0.038525135891998255,0.028746406106617065,0.042604000007957735,0.033009606581056436,0.05951929232855097,0.12381357132738349,2020-11-27
0.03991760935830778,0.03432904224688125,0.04841835348733933,0.04065170226383843,0.15873152500487675,0.11998866694999291,2020-11-30
0.037712859703317704,0.03012123393541092,0.045649615306965374,0.037838988020595404,0.06028174638139918,0.1228219294517637,2020-12-01
0.0399756304693701,0.028621422842130262,0.0443344630209896,0.03409754336555118,0.03598457163782974,0.1284884544553053,2020-12-02
0.0386411781141229,0.028538098017041498,0.04603031598161772,0.03616727682216509,0.02789451140039432,0.13004674883127923,2020-12-03
0.04090394611357645,0.029892098612709507,0.04738007831999723,0.035689645051185,0.04153260904442657,0.12310525570194078,2020-12-04
0.0393084042917465,0.030329542024986486,0.047241638110382275,0.037547100813627624,0.03345273523388291,0.1303300750814563,2020-12-07
0.04101998833570109,0.02972544896253198,0.046237972995443896,0.035875394676357086,0.07793635214885221,0.12154696132596685,2020-12-08
0.03150474191619062,0.02455942900141893,0.03689347008459484,0.029374304568967693,0.11989271655197599,0.14407139821504464,2020-12-09
0.03283919703803667,0.0238928462932942,0.03627050564430882,0.027251499790876047,0.03433182387464176,0.1476129763422581,2020-12-10
0.030489397371989635,0.023038786701866085,0.03616667878769386,0.029347768908228825,0.034016044640997216,0.1588043632242527,2020-12-11
0.028777813328035043,0.021851435756375603,0.033121063488686237,0.027835271674231724,0.04680102903284461,0.17877886386173678,2020-12-14
0.03205593140488728,0.023080449114410467,0.03429777556504704,0.026349307570393606,0.037545132237647307,0.1528545119705341,2020-12-15
0.03205593140488728,0.0236845401902918,0.03810479551395564,0.02948044468134328,0.025704938940010608,0.14732965009208102,2020-12-16
0.034898899448568645,0.025080197238784675,0.03813940556635939,0.02948044468134328,0.03757110762622129,0.13925485196203427,2020-12-17
0.03721969132568337,0.02782985289637238,0.04364227847589611,0.03430982359030236,0.08047582837296786,0.13415497945884688,2020-12-18
0.03692959130356946,0.027934008927733338,0.04398836909814473,0.03438943057251897,0.04613381807143436,0.1850120413656325,2020-12-21
0.048330476800424946,0.03562054922373268,0.046999374344748615,0.03547736482643382,0.15195347655109995,0.17183737073239838,2020-12-22
0.05155057653281371,0.04043244662451117,0.05731293231813231,0.045958712943777597,0.12739196402968936,0.1588043632242527,2020-12-23
0.05033216086649345,0.038620171410293995,0.06015089720450628,0.048187657834244835,0.02772745399936946,0.13358832695849274,2020-12-24
0.24758158079439618,0.19046651898561964,0.2794074940470246,0.22804840893835762,0.049405981345370074,0.17514134753891877,2020-12-25
0.05276899219913397,0.03964087667875329,0.06153526629469326,0.0489837074117718,0.04149797519299459,0.13599660008499784,2020-12-28
0.04809839788937336,0.03776611181886588,0.05534020553946678,0.047683490402525876,0.04290115549733447,0.15554611134721627,2020-12-29
0.047750282289394826,0.035537224398643916,0.05634387725559768,0.043862441295844934,0.026057898631810072,0.1511545544694716,2020-12-30
0.04653186662307457,0.03512060821949278,0.056170826993578976,0.04351748782855919,0.03109152148037305,0.15087122821929452,2020-12-31
0.24758158079439618,0.19046651898561964,0.2794074940470246,0.22804840893835762,0.049405981345370074,0.17514134753891877,2021-01-01
0.04191929342437629,0.03366245953875651,0.05046030037081234,0.04285411149356679,0.04687946451991116,0.21065306700665817,2021-01-04
0.042267414557552514,0.03153772417674916,0.05073717418884974,0.03847582869484893,0.021102711270313643,0.18756197761722623,2021-01-05
0.045139393156765045,0.033412489036636565,0.05108326811169461,0.038449293034110064,0.026678252029518228,0.18373707323983565,2021-01-06
0.04432711420148564,0.03439153586569782,0.053471308918012495,0.04144775184136539,0.027050565932412042,0.14548802946593,2021-01-07
0.04319573020175886,0.031995998795298325,0.05021803660517868,0.040678237924577296,0.028846942314773832,0.13401331633375832,2021-01-08
0.04972295579993217,0.03689122102116558,0.056897624891672466,0.043942048278061537,0.07176235880975676,0.16971242385607024,2021-01-11
0.049751966355463334,0.036370452783799835,0.05797051011141832,0.045401474190580896,0.03179438493590446,0.15908768947442978,2021-01-12
0.08296828885735999,0.07438653808464543,0.06042777102254368,0.04662208927876999,0.7318107341510658,0.14322141946451342,2021-01-13
0.10765570722821252,0.08357288947392542,0.10548902286498706,0.09350952883847896,0.47315545455147384,0.15795438447372148,2021-01-14
0.09486234549844866,0.07876098810000058,0.10881150868143581,0.09457093502339463,0.23453331139856076,0.17339566510837226,2021-01-15
0.24758158079439618,0.19046651898561964,0.2794074940470246,0.22804840893835762,0.049405981345370074,0.17514134753891877,2021-01-18
0.10606016540638258,0.08869724702249408,0.11791374782665123,0.10269065488541704,0.37640731854026466,0.15781272134863292,2021-01-19
0.1053639231400301,0.07967753733709892,0.11590641759677449,0.0915990017545586,0.16631175457637962,0.1342966425839354,2021-01-20
0.11670679029242215,0.08709327989785247,0.11915968330841578,0.09653452330647316,0.28215740372425957,0.13061340133163338,2021-01-21
0.18047054165211643,0.1537724494600861,0.137571808710884,0.1054503028683421,1.0,0.1389715257118572,2021-01-22
0.21464419035375062,0.32545930224801844,0.20267183201400127,0.2491110904770439,0.9017829812309992,0.15710440572319026,2021-01-25
0.42116559322965624,0.3063367078288303,0.26867167707246065,0.2274319364635667,0.9054195356313574,0.15469613259668505,2021-01-26
1.0,0.7854434862053139,0.8528760008339255,0.9339807741849878,0.47152206099938015,0.3557161070973226,2021-01-27
0.5535087485696589,1.0,0.37959436676971103,0.6956164251260849,0.29539415614875647,0.25655191953534495,2021-01-28
0.9346987057967473,0.8562263279133888,0.8563369268599892,1.0,0.25337667318428214,0.2973508995608444,2021-01-29
0.6445997903223782,0.6646252551364615,0.7248217378695676,0.8324311539766321,0.18622825643514784,0.25697690891061054,2021-02-01
0.25296625443197984,0.3230012914245341,0.24797535422327083,0.36594490711212335,0.39403594891914373,0.1906785663691741,2021-02-02
0.2599576489186517,0.2300962410570026,0.2861493640659905,0.28965664883263686,0.21330530707747847,0.15313783822071117,2021-02-03
0.14708015028383511,0.18447694028524642,0.17567661165118123,0.23441066846425568,0.3137882965085513,0.13698824196061762,2021-02-04
0.17687331023102026,0.19176769560836682,0.16792413154374905,0.1358329410354578,0.41014018051367096,0.12423856070264913,2021-02-05
0.1659365797896691,0.145231853545805,0.19190834996056147,0.18457784141876915,0.12666363450692855,0.12948009633092503,2021-02-08
0.13782599886410507,0.11261092352877389,0.15210770066082863,0.14265244894939405,0.13255037060767638,0.1350049582093781,2021-02-09
0.1404078774412037,0.12475524263836349,0.15221152421684733,0.12715597735907888,0.18150582892812814,0.1401048307125655,2021-02-10
0.14011777188589206,0.1091113603379727,0.15799127754561396,0.12513930763220305,0.06233329275739955,0.1296217594560136,2021-02-11
0.14388906664017523,0.10894471863408783,0.1574029132559429,0.12710290603760113,0.0700576602694208,0.11148887944468053,2021-02-12
0.24758158079439618,0.19046651898561964,0.2794074940470246,0.22804840893835762,0.049405981345370074,0.17514134753891877,2021-02-15
0.1355051986871938,0.10532016820565349,0.16082923583079542,0.13217110083205028,0.037469752678648285,0.13259668508287295,2021-02-16
0.12514866829007046,0.10050826683172864,0.14532428881831613,0.12450247201910929,0.04262306604318943,0.1331633375832271,2021-02-17
0.10991847522766607,0.09567553822467798,0.1317920685845024,0.12110598842309046,0.11802197925330435,0.14718798696699245,2021-02-18
0.10962838073874986,0.08530183588990749,0.12435107234751136,0.10197420722894691,0.07135592037677556,0.14095480946309677,2021-02-19
0.1253227316232574,0.09492563069146447,0.13784868913011392,0.11632967071328958,0.09502815783053555,0.16078764697549228,2021-02-22
0.12233471633511792,0.09017622690950255,0.12954246138660694,0.11176564841171917,0.034363911119350804,0.1559711007224819,2021-02-23
0.2579269432306567,0.18491438369752342,0.14580881634958345,0.11104920075524906,0.41913836070850674,0.13089672758181045,2021-02-24
0.30730179103875715,0.3785776624593243,0.3406589489764941,0.44236586900110303,0.7613875339526341,0.23785238702365777,2021-02-25
0.28702386091148935,0.2915468771735749,0.2887450585855383,0.30411824483761546,0.46539747183070973,0.22453605326533502,2021-02-26
0.34115632916274624,0.2729867213505896,0.3370941993944117,0.2698349607039219,0.2494442030827184,0.1593710157246069,2021-03-01
0.3347161296979687,0.27134107592081824,0.3794213099064998,0.30271189024657386,0.16789676260073738,0.16999575010624737,2021-03-02
0.35212206462643086,0.2599883347032792,0.3826053819181037,0.3175184549023175,0.09399881939312324,0.206403173254002,2021-03-03
0.3758231628416078,0.30189975227521965,0.3901502017111134,0.3241256775303428,0.1619066342670382,0.23331916702082448,2021-03-04
0.39145949261505303,0.309523806898695,0.43237348866718284,0.332537284599333,0.15236602684021622,0.17792888511120555,2021-03-05
0.5561196211026956,0.43313334809138687,0.4967467338757842,0.4034389505224626,0.31958590137399623,0.18940359824337724,2021-03-08
0.7081314351050323,0.5143315545467764,0.7127430870271707,0.5701321754142056,0.194973813243068,0.1690041082306276,2021-03-09
0.7606393565121259,0.7198266882972303,0.5863846968270187,0.7073714343472965,0.36035707500826375,0.14817962884261224,2021-03-10
0.7461344107384074,0.5802608006832112,0.7961168351302964,0.6336305387648242,0.14003433844505211,0.1389715257118572,2021-03-11
0.759188861934754,0.6094238219756928,0.8988024511769221,0.7221514785257808,0.12747141815944507,0.12168862445105541,2021-03-12
0.6305009812597006,0.5833854101074056,0.7040561817131853,0.7288382828302237,0.11858121408966195,0.1123388581952118,2021-03-15
0.5957761375361721,0.45360995899882833,0.587596042059957,0.5315236646197925,0.1762491233306356,0.1089389431930868,2021-03-16
0.6005337579793285,0.47604466356439235,0.6971343296610578,0.5704771035756925,0.07977703948819316,0.10100580818812863,2021-03-17
0.5771517924745874,0.4498187827590945,0.6682355762196096,0.560287652787636,0.055753879628012065,0.1342966425839354,2021-03-18
0.5728583409199296,0.4667333249374792,0.6232781809391476,0.5118080988893937,0.12151948892658998,0.12537186570335743,2021-03-19
0.5560906271467575,0.43207099232982216,0.6355298358352155,0.5370960015401616,0.04707809984430047,0.09604759881002975,2021-03-22
0.5191320093797135,0.41413573296353917,0.6055928468335804,0.5165048146781378,0.06932321889052494,0.11616376257260239,2021-03-23
0.34098225476316385,0.3416864583240306,0.4016404750614542,0.41163827230554184,0.11897593813171763,0.12891344383057088,2021-03-24
0.524933987689201,0.38445194343369177,0.3956876780718614,0.3201188787984898,0.2553946043515397,0.10922226944326388,2021-03-25
0.5169562675136558,0.44992291097843107,0.5561361843477871,0.5169824262044788,0.18647527728727303,0.09576427255985268,2021-03-26
0.5178265731131952,0.3978252679550236,0.5916106761149403,0.4720586002336472,0.046979800824794984,0.12239694007649807,2021-03-29
0.5560036010133618,0.41944757534170385,0.6209939570876559,0.48996976127844194,0.08290070729455122,0.10638900694149314,2021-03-30
0.5425430131059743,0.4093655098947441,0.6386792911932231,0.5165048146781378,0.03858414778060678,0.10341408131463378,2021-03-31
0.547271595327611,0.4041786468079198,0.6265314598531739,0.5055193041902349,0.0433743150264567,0.0740898144213061,2021-04-01
0.24758158079439618,0.19046651898561964,0.2794074940470246,0.22804840893835762,0.049405981345370074,0.17514134753891877,2021-04-02
0.5342171441312644,0.4000749905546641,0.561500630250094,0.44618692316894376,0.06749679254883245,0.08230627567644141,2021-04-05
0.5271097295552587,0.3938257717062752,0.6263929932387888,0.483893251865194,0.02750386192909534,0.08528120130330077,2021-04-06
0.5081662739160289,0.37820272458530285,0.6006091049065222,0.4786127616625144,0.020118702432569677,0.07168154129480098,2021-04-07
0.48579962805609905,0.3810773754268164,0.559735576988236,0.48567109558426025,0.04700628553471356,0.06870661566794162,2021-04-08
0.4512778748208819,0.35128942589246176,0.5206271023318079,0.4427373581291277,0.044026755668873895,0.06502337441563963,2021-04-09
0.40117777972409546,0.33529140911229727,0.45836502411148694,0.41198324095630695,0.08080586860426088,0.06813996316758747,2021-04-12
0.40088770736797,0.29671292097356605,0.4479476557844696,0.3689168606255985,0.03050172736334017,0.06445672191528543,2021-04-13
0.474978950903268,0.35651792755295236,0.48601784207117055,0.3734012911284316,0.1034935878989323,0.06927326816829577,2021-04-14
0.44570798095564373,0.3401866432576036,0.5199349276885031,0.4249588804491871,0.03584909216016934,0.06332341691457713,2021-04-15
0.4406312499348423,0.3275840455563185,0.5145704817861964,0.40638434306939997,0.022392312914810406,0.058790196911743864,2021-04-16
0.4687128037052822,0.35883013979826306,0.5529175484921273,0.44830973553877507,0.049414356851925516,0.07352316192095196,2021-04-19
0.4517710376653185,0.3373536627749272,0.5218730378135724,0.42798387491718126,0.019559976917556662,0.09321433630825895,2021-04-20
0.4517130054878607,0.3333749858130119,0.5307329999907692,0.4127527396896156,0.015252136985031554,0.07649808754781132,2021-04-21
0.43041975571578167,0.3252926843830117,0.4993770186441581,0.414610225819017,0.017966819751685473,0.0936393256835246,2021-04-22
0.43044874967171975,0.3139607624523058,0.49190140575357083,0.3878098056896129,0.016353799053375348,0.0740898144213061,2021-04-23
0.48194130716842026,0.3577469329646945,0.5059527569698631,0.39306373492575475,0.049474966091931485,0.07848137129905086,2021-04-26
0.5075860849381965,0.38549347990842325,0.5904339739403683,0.47948842328341773,0.041328880506591385,0.07734806629834251,2021-04-27
0.5099358790710459,0.37295337185280836,0.565722964226655,0.4491057952386216,0.025316836075434564,0.07338149879586345,2021-04-28
0.5030025167618317,0.3706203403206645,0.582058539294439,0.4609404063808901,0.014984743279122867,0.07805638192378522,2021-04-29
0.4954599272532655,0.3767445798777129,0.5888073344833552,0.45680094452882214,0.018414003892233716,0.09222269443263917,2021-04-30
0.4624176625513581,0.36360039465222893,0.5435038254764707,0.46340818740148654,0.022628128697354637,0.087972800679983,2021-05-03
0.4581532049526383,0.3302712274608213,0.5164740016624394,0.41434485908930874,0.016243785642944347,0.10454738631534213,2021-05-04
0.4545269685092087,0.3386243385455064,0.5390738443878723,0.4218542840601361,0.010121233759652277,0.09987250318742028,2021-05-05
0.4589654783747199,0.3369995441877389,0.5296255311233896,0.4192803806412233,0.010821041287116157,0.0891061056806913,2021-05-06
0.459255594996427,0.34260301550742167,0.5362012694490946,0.4172902516362461,0.010779276936859943,0.06502337441563963,2021-05-07
0.40735690078868564,0.3304795156846652,0.48601784207117055,0.42047444994635397,0.02031428182889146,0.10709732256693585,2021-05-10
0.418090551808121,0.3073782443035618,0.46352182290175636,0.35596774160997785,0.01969240046714954,0.1379798838362374,2021-05-11
0.4119114307435308,0.3073782443035618,0.4833529142444303,0.37905322996985763,0.00974484528600176,0.21943618076214763,2021-05-12
0.4690899464603849,0.34789400681358246,0.4978887929919899,0.38367034383754484,0.0410273622705953,0.15625442697265898,2021-05-13
0.455803410819789,0.3406449218492991,0.5317712883604963,0.41699836442927835,0.01770044468846596,0.09505595693440996,2021-05-14
0.5157958895579909,0.3740365786863769,0.5413926584881902,0.4166003548239942,0.0338388008130806,0.10794730131746702,2021-05-17
0.5159989357807205,0.3879931610907447,0.5734754575364722,0.4555803142571537,0.035247583652210944,0.13089672758181045,2021-05-18
0.4816512348122948,0.36670415300441944,0.5592164063986023,0.44881390803165383,0.02041207152705235,0.14279643008924778,2021-05-19
0.48646688743290895,0.35822606262839396,0.5687339529702775,0.4456296692322677,0.008454734320160416,0.12140529820087834,2021-05-20
0.5047430836953289,0.36724577231378913,0.580604956700637,0.44618692316894376,0.014446899939237963,0.11403881569627425,2021-05-21
0.5140842723148501,0.3864517074506514,0.5910569680860207,0.45905644026350756,0.01958900823419818,0.08924776880577981,2021-05-24
0.5994313679355397,0.4461317347386972,0.6175330310615922,0.4727219765686396,0.07165794793411623,0.0954809463096756,2021-05-25
0.6955411527971843,0.511477722992096,0.7717172960846391,0.6000902328871798,0.1034008914142173,0.07451480379657174,2021-05-26
0.7291056185650481,0.5438070240676092,0.7767356282605234,0.6022130452570111,0.07491149268334422,0.06573169004108229,2021-05-27
0.6358968228581471,0.5538057487968948,0.7574582449467693,0.6902298125250889,0.055685121246492685,0.06601501629125942,2021-05-28
0.24758158079439618,0.19046651898561964,0.2794074940470246,0.22804840893835762,0.049405981345370074,0.17514134753891877,2021-05-31
0.7142815622136846,0.5250176971636054,0.7769779184309272,0.6119779254732456,0.044857968103241476,0.08216461255135285,2021-06-01
0.8106523812099349,0.6062992125514983,0.836609659073334,0.6528419320023442,0.07742193759081836,0.07621476129763424,2021-06-02
0.7408545892292947,0.565533459673626,0.8290648128755542,0.6975003912434674,0.03657844032561933,0.08414789630259242,2021-06-03
0.7123668987478141,0.5458900970170721,0.8416972245564108,0.6717879180208777,0.014359296667968832,0.061198470038249075,2021-06-04
0.8041832320548009,0.5813023371579427,0.8743337316336125,0.6770418877462978,0.026654313926322594,0.061198470038249075,2021-06-07
0.862173976928155,0.7118276957997335,0.9636256336679646,0.7672610693052637,0.08465379136262303,0.07040657316900412,2021-06-08
0.8696005020818058,0.6771236928332394,1.0,0.7967680357291564,0.06423102408733435,0.08202294942626434,2021-06-09
0.6312262285483865,0.5938007748547205,0.7213608118435039,0.7407260159055679,0.11287579638758742,0.05666525003541581,2021-06-10
0.668794029249201,0.49616715588464566,0.7045061189956264,0.5824444385720934,0.07518907281614466,0.05029040940643151,2021-06-11
0.6574801892519332,0.489667946668405,0.7497403946953184,0.6199915229369517,0.03216058698266321,0.06077348066298344,2021-06-14
0.637347317435519,0.4714202390737709,0.7109780337653128,0.5930849804092312,0.03302286801905066,0.0696982575435614,2021-06-15
0.638710785879495,0.47033703224020235,0.7144389597913765,0.5635780139853385,0.024175446942212908,0.08570619067856636,2021-06-16
0.64050938499045,0.48060659840934356,0.7576313018099805,0.5868227061873319,0.019305316245262674,0.08003966567502477,2021-06-17
0.6121667528198229,0.45942175032752564,0.7282826638956313,0.5766862963537944,0.017836942808815537,0.12183028757614392,2021-06-18
0.573148413276055,0.4488188848580293,0.6729078474786118,0.5681154854426906,0.02191100424417476,0.08202294942626434,2021-06-21
0.6312552225043245,0.4644002934053353,0.7150273108786624,0.5701852163687247,0.03759810165748445,0.06459838504037399,2021-06-22
0.6281801810827893,0.4575053270282402,0.7321588841457699,0.5800562594725538,0.013939615880028339,0.05978183878736365,2021-06-23
0.6077862308661877,0.4676707014077034,0.7234373885829583,0.579286760739245,0.015509344264048484,0.054823629409264774,2021-06-24
0.5996634523797889,0.440069984827319,0.6780992365177073,0.560287652787636,0.06047936306309932,0.04986542003116587,2021-06-25
0.6105131677541398,0.4614214825593145,0.7185920604607449,0.5529905131027196,0.020684558446406917,0.05184870378240544,2021-06-28
0.6036378376223834,0.44219472813561905,0.7110126240141388,0.5591997058808217,0.008463902104363,0.05553194503470746,2021-06-29
0.6130950463312385,0.44231970742695953,0.7073094606272116,0.5488510512506516,0.008767457625737433,0.05284034565802523,2021-06-30
0.5847233759390916,0.44554847685566124,0.6902124776089303,0.5586955333879429,0.009798833348528086,0.04788213627992635,2021-07-01
0.5802848660735803,0.421843096519518,0.6711773844655798,0.5358754117577714,0.00907050382576728,0.042073948151296225,2021-07-02
0.24758158079439618,0.19046651898561964,0.2794074940470246,0.22804840893835762,0.049405981345370074,0.17514134753891877,2021-07-05
0.5707986191432056,0.42042662217076515,0.6615214240890598,0.5337525993879402,0.00993125689812096,0.06148179628842615,2021-07-06
0.5449798333722194,0.40528267292832154,0.6056274370824065,0.5125245566681834,0.01742541116238845,0.05808188128630115,2021-07-07
0.5470685491048813,0.39845019619689664,0.6123416420224965,0.4696173801795886,0.010386590180182613,0.09774755631109225,2021-07-08
0.5466333741723209,0.39961671196296855,0.6374333557114585,0.4989386222841082,0.0038947803220642594,0.05779855503612408,2021-07-09
0.5408894280402913,0.4058034411656873,0.6397521698117764,0.5003714973524094,0.004166757920074239,0.05765689191103557,2021-07-12
0.5142293306257036,0.3871390935530239,0.6106111790094647,0.4904473728047829,0.00804574928045627,0.07111488879444683,2021-07-13
0.4781410184581992,0.373786620103696,0.5624005048149763,0.4713687034213953,0.01576655154306541,0.05992350191245216,2021-07-14
0.4758202625468694,0.3521434934301826,0.5379663227109526,0.41699836442927835,0.017726420077039944,0.0695565944184729,2021-07-15
0.4822604177460653,0.3677248701923178,0.5666574290403634,0.44393142743425823,0.012578709247289264,0.08995608443122252,2021-07-16
0.49516985489714005,0.3604966045148676,0.5490759184908149,0.4257549401490336,0.008244384604845582,0.14732965009208102,2021-07-19
0.5464883158614674,0.3972420100719876,0.5878382794208206,0.4538820724591442,0.011627296975598925,0.10808896444255559,2021-07-20
0.5309100182654799,0.40113734631622866,0.6213746610629045,0.49073926001175067,0.0071865241721363535,0.08230627567644141,2021-07-21
0.5107191585371895,0.3848477323797171,0.6007475187113669,0.4841320576283645,0.0030294433576092865,0.07918968692449355,2021-07-22
0.515099636225243,0.37216182574592854,0.5927527880406862,0.4727219765686396,0.0025364202960481246,0.0722481937951551,2021-07-23
0.5254851827110952,0.3814106429420007,0.6097805377517749,0.4710237347706302,0.00225323762845721,0.07763139254851958,2021-07-26
0.5098198147161304,0.37924426106003434,0.6025126247827652,0.4780289872485788,0.002019968452635916,0.10284742881427963,2021-07-27
0.4824925021903147,0.36282963604701157,0.5596317534322173,0.45871147161274245,0.01671898245744493,0.087972800679983,2021-07-28
0.4701343043267159,0.3561013193200939,0.5604623418803668,0.44512553722866727,0.007241530877351856,0.07933135004958206,2021-07-29
0.4592845889523652,0.34220722656139635,0.5409427212057492,0.4302658911291263,0.007939810440781972,0.08698115880436322,2021-07-30
0.44921815304415785,0.33464566158359116,0.5277566014959727,0.4223053751092175,0.00873333309565004,0.10426406006516506,2021-08-02
0.43500332389214647,0.32485522507814935,0.5040146468447939,0.4083479515971177,0.06943272297961135,0.08414789630259242,2021-08-03
0.41774244727453785,0.32256383211967177,0.49532774153080844,0.39770736927070155,0.008023339141294399,0.08315625442697264,2021-08-04
0.4370050134914127,0.3221680749588172,0.4937011020737953,0.3851563003496433,0.008118072911387763,0.07338149879586345,2021-08-05
0.43216036691486054,0.31987668200033964,0.51131720287217,0.4026428908226161,0.0027223225868227363,0.05737356566085847,2021-08-06
0.45931362717388474,0.3369787249009058,0.5125285481051084,0.3952396287393834,0.007288388441053948,0.06544836379090521,2021-08-09
0.45327956442014805,0.3415406279606862,0.5287602996168737,0.4206071333112081,0.004100546145277802,0.066440005666525,2021-08-10
0.4524962849540044,0.3251885243785044,0.5262337855949784,0.4128323416106725,0.0006478567503159071,0.056098597535061606,2021-08-11
0.46285283748391853,0.3360829870043479,0.5356129183618086,0.41667995674505104,0.002544569437561533,0.04944043065590026,2021-08-12
0.4633460003283552,0.33456235265108775,0.5358897987810386,0.4182455151782063,0.0010013257634599627,0.04745714690466071,2021-08-13
0.4674363613947018,0.34774820823540886,0.5419464193266501,0.4196518697692479,0.0038423202235716974,0.05694857628559288,2021-08-16
0.4663340156164947,0.3469149599845212,0.5486606242667401,0.42015604226212666,0.0020255709874263846,0.08230627567644141,2021-08-17
0.4474775861106607,0.338832658554521,0.5336055749295469,0.4256222567841795,0.003023331501474231,0.13415497945884688,2021-08-18
0.43543845455912533,0.3229804721377009,0.5129438423291832,0.4084275535181745,0.001926762646576317,0.13557161070973225,2021-08-19
0.454004811708834,0.32735490626047076,0.5214577435894976,0.40054663941932256,0.001714884967227718,0.09151437880719646,2021-08-20
0.47022133046011166,0.34235302513957,0.5432961783644333,0.423313720094975,0.0026729184163977026,0.07153987816971241,2021-08-23
0.6019262203792426,0.46256717903855327,0.562677332424666,0.4336888952024046,0.07045951481030072,0.07253152004533217,2021-08-24
0.5710596975433929,0.4667333249374792,0.6590641433743568,0.5407843723431481,0.06133706020738546,0.066440005666525,2021-08-25
0.5872182283827945,0.4459025954428495,0.6798296995307392,0.5249429422243875,0.0276072541620467,0.0954809463096756,2021-08-26
0.5864349489166508,0.4375703036449976,0.6833598588639954,0.543570561047972,0.01228788675952953,0.06077348066298344,2021-08-27
0.5987641528243115,0.44838145733833773,0.6937426369421866,0.5364061047279097,0.012689231979064854,0.05794021816121264,2021-08-30
0.6249891195719202,0.4569428884320374,0.7229528610516909,0.5568380877478198,0.014039442863567583,0.0620484487887803,2021-08-31
0.6097008943320581,0.4759821739187221,0.7110472670725052,0.5868227061873319,0.018516886803840484,0.05680691316050432,2021-09-01
0.6112964472202834,0.4413198413110651,0.7050944700829125,0.5599161636596114,0.005265364060350506,0.06105680691316051,2021-09-02
0.580052781629331,0.44438196108958933,0.6792759386922793,0.555113325472551,0.009373550025797126,0.06105680691316051,2021-09-03
0.24758158079439618,0.19046651898561964,0.2794074940470246,0.22804840893835762,0.049405981345370074,0.17514134753891877,2021-09-06
0.5691740722990423,0.431112764787594,0.6697930351789705,0.5397229864028718,0.00854692148353084,0.08556452755347785,2021-09-07
0.5685938833212097,0.4248219073655388,0.6510347696453097,0.5280740995799764,0.022182981842184743,0.08301459130188413,2021-09-08
0.569696229099417,0.4146565012009049,0.607150252983401,0.4703072769918405,0.03409040555730706,0.09491429380932145,2021-09-09
0.5442545860835335,0.41498980050125994,0.6486813652961657,0.518919514254937,0.011329343989014957,0.12537186570335743,2021-09-10
0.5819384068736817,0.42898805326446476,0.6538727543352613,0.506554169653252,0.01790722915436868,0.1029890919393682,2021-09-13
0.5698703256317901,0.4201141421572433,0.6659859954264843,0.5248633403033307,0.006740358674277285,0.10426406006516506,2021-09-14
0.5851875448275903,0.42063491039460904,0.6616598378939047,0.5151780620081531,0.007600093103941791,0.086131180053832,2021-09-15
0.5905543482045172,0.4449652189726253,0.68727066936296,0.5293212503289043,0.011408798118770682,0.09335599943334752,2021-09-16
0.5864929810941086,0.43650794788343295,0.6859901436323694,0.5444197021916158,0.015930043694678153,0.12338858195211785,2021-09-17
0.5494473371936688,0.4164271259220167,0.6298193290160264,0.5231385780280619,0.015909161519550047,0.19280351324550218,2021-09-20
0.5429201115954955,0.40915718988572947,0.6348376611919108,0.5214403362300524,0.009247238332339308,0.17367899135854933,2021-09-21
0.5434713066173898,0.39695038113046965,0.6358413065032715,0.49564826108640575,0.007326078220553459,0.12423856070264913,2021-09-22
0.5466624123938405,0.40163729526676134,0.65075794203562,0.5027861969292085,0.004401045738584708,0.09250602068281624,2021-09-23
0.5290243930211291,0.3932425138232392,0.628296513115032,0.4992570299683355,0.004418871985645287,0.08003966567502477,2021-09-24
0.5415566431515194,0.39392993171078244,0.6343877239094697,0.4857772179825766,0.0033202658453690215,0.0943476413089673,2021-09-27
0.5099939112485036,0.3913469098107869,0.607150252983401,0.4912965139484267,0.004850267164511304,0.15795438447372148,2021-09-28
0.5022192372956881,0.3781610542264658,0.5954177158674265,0.4703072769918405,0.005509328984408146,0.14817962884261224,2021-09-29
0.5009138010291697,0.3801816375302586,0.5683532489950289,0.45680094452882214,0.011981784631432157,0.15639609009774755,2021-09-30
0.5050912324944936,0.3677665405511549,0.5872499283335346,0.4684763518289769,0.003732816134485282,0.12820512820512817,2021-10-01
0.4889907338325499,0.3624755174598233,0.5821277726016315,0.4593217665039376,0.0019226880758196133,0.15384615384615388,2021-10-04
0.49136952192133726,0.35460150425366693,0.5680417783269729,0.4466910956618225,0.002534892332014361,0.1303300750814563,2021-10-05
0.48814946645453006,0.3541640767339753,0.5649615562761577,0.44369262167108786,0.0019461168576706597,0.12608018132880008,2021-10-06
0.49119546965454575,0.35883013979826306,0.5813317215927679,0.44884042850891337,0.0017372951063895897,0.10539736506587336,2021-10-07
0.4928200164987091,0.35991334663183167,0.5833390650250297,0.45016718117889815,0.0,0.09448930443405582,2021-10-08
0.5085434166711317,0.3865141970963216,0.5898456228530824,0.4514939338488829,0.009507501539423764,0.11191386881994617,2021-10-11
0.5019291649395626,0.3725367636199499,0.5926143742358414,0.47139522389865485,0.0021162301867630445,0.10978892194361808,2021-10-12
0.5258332872446784,0.38593093921328564,0.6002284009312735,0.4655575202485774,0.005651938960892779,0.09264768380790481,2021-10-13
0.5251660721334502,0.3900762340402077,0.6230705338271102,0.48004563673081546,0.0043582627456393176,0.06743164754214476,2021-10-14
0.5235705192452249,0.3833687366001232,0.6171177368375174,0.4806824925885484,0.001944588893636896,0.059498512537186576,2021-10-15
0.531519245464832,0.38938881615266446,0.622897476963899,0.47786978340646513,0.0039289048521516535,0.059640175662275086,2021-10-18
0.5337529752427659,0.39420070958029657,0.6293001584263926,0.4939234988111368,0.006378740519619822,0.05099872503187419,2021-10-19
0.5271677617327164,0.38549347990842325,0.6209247237804634,0.4868651648893909,0.007429470453504819,0.04802379940501489,2021-10-20
0.5190159892903797,0.3911177705149392,0.6161486817749827,0.4825664991952092,0.00806866874096273,0.041223969400764976,2021-10-21
0.4844651978336427,0.3677665405511549,0.5718488180794591,0.46502682727843914,0.010095767692422878,0.04717382065448364,2021-10-22
0.49656231729705413,0.3579969233325462,0.5699798884520421,0.44199437987307844,0.0031812211182965034,0.04448222127780138,2021-10-25
0.5077891311609262,0.37924426106003434,0.5881151598400505,0.4524491973908431,0.006919130466227667,0.05496529253435331,2021-10-26
0.4952278428090161,0.3752655840981191,0.5875268087527645,0.47006847122867,0.0014709200431700774,0.06913160504320726,2021-10-27
0.5223231151561643,0.3753697441026264,0.5967674749052098,0.457225515100644,0.0044718414054824365,0.06275676441422298,2021-10-28
0.5242377343564529,0.38080656577213157,0.607150252983401,0.4775248147557001,0.007516564403429363,0.05893186003683243,2021-10-29
0.5723361398539732,0.4283423057357586,0.6211670139508672,0.47678183649965084,0.021014598677699926,0.06105680691316051,2021-11-01
0.5923529915810537,0.43536225140419416,0.6545303387297398,0.5214138157527929,0.0156061153195202,0.05567360815979602,2021-11-02
0.6252501979721076,0.5264966929431992,0.7118432652718286,0.560287652787636,0.0532108381544843,0.042498937526561836,2021-11-03
0.6238286973506738,0.4708369811907349,0.723264331719747,0.5815156955073927,0.010643797459199541,0.047315483779572176,2021-11-04
0.6105131677541398,0.4542348872407014,0.7144735500402025,0.577906926625463,0.00505501434503567,0.0620484487887803,2021-11-05
0.6261494975275851,0.4626504879710566,0.7248563281183937,0.5563073947776817,0.0068233780534451265,0.07253152004533217,2021-11-08
0.5912216075813269,0.45942175032752564,0.6986571455620523,0.5815156955073927,0.00523123953026311,0.0804646550502904,2021-11-09
0.5697252673209365,0.4258842631271035,0.6711773844655798,0.5287639963922284,0.0025017864446161423,0.09392265193370167,2021-11-10
0.5846073558497579,0.4273424078346934,0.6768878912847689,0.5231385780280619,0.0013303473520637956,0.07876469754922796,2021-11-11
0.5781671563849803,0.4216556275825073,0.6759534792806007,0.5288170778360256,0.0005592348363575991,0.05935684941209801,2021-11-12
0.5985901005575199,0.43444569422080315,0.689139598990377,0.5333811102599155,0.0033014209556192662,0.062190111913868806,2021-11-15
0.5929041423373664,0.4366745975336105,0.6958538039304671,0.5470732075315854,0.0020189498099467407,0.06049015441280636,2021-11-16
0.6010849530012228,0.4473607401504394,0.7040561817131853,0.5398556697677258,0.0027223225868227363,0.07097322566935826,2021-11-17
0.601433057534806,0.4420280784854415,0.7092475707522808,0.5503370077627501,0.0009483563436228134,0.07777305567360815,2021-11-18
0.6556235579635206,0.47171186801528886,0.7118432652718286,0.5473916152158127,0.011286560996069568,0.08230627567644141,2021-11-19
0.7100171046149647,0.5138940952419141,0.7862531748321987,0.6039643684988178,0.018097206015899994,0.1001558294375974,2021-11-22
0.6123987929984905,0.519226756906912,0.7267598479946369,0.6394682424149016,0.012870550377738174,0.10313075506445671,2021-11-23
0.60624871015542,0.4604632868022571,0.7109780337653128,0.5689115451425372,0.0025017864446161423,0.09179770505737353,2021-11-24
0.24758158079439618,0.19046651898561964,0.2794074940470246,0.22804840893835762,0.049405981345370074,0.17514134753891877,2021-11-25
0.5712627880317042,0.4349247920993318,0.6805218741740439,0.5445789060337295,0.002124379328276452,0.2340274826462672,2021-11-26
0.5779060337192112,0.42696746996067203,0.6865439044708292,0.5337525993879402,0.0014800878273726606,0.15384615384615388,2021-11-29
0.5610803320341632,0.41871848709532355,0.6417595132440382,0.5234039447577701,0.004612923417933307,0.21376965575860604,2021-11-30
0.5135911094704135,0.4107194945978267,0.6037239172061634,0.5215464586283687,0.007809424176567449,0.269443263918402,2021-12-01
0.5185808143578192,0.38430611307034745,0.5900879130234861,0.48333599792851795,0.006462778541476838,0.22453605326533502,2021-12-02
0.4919787491206893,0.37701535774722705,0.5415657153514014,0.4727219765686396,0.016698100282316823,0.2630684232894178,2021-12-03
0.47669052388082733,0.35495562284085513,0.5559285372357499,0.43291939646909583,0.007183468244068826,0.21362799263351748,2021-12-06
0.5077021050275303,0.37295337185280836,0.5812278980367491,0.4572785560551631,0.00587858695923443,0.13868819946168012,2021-12-07
0.49563397952005694,0.3693496645500852,0.5862462830221737,0.46104656926848475,0.009132131708462426,0.11049723756906074,2021-12-08
0.44373528531231554,0.3536016381377725,0.5137052502796804,0.43557290180906544,0.02172815788146768,0.1342966425839354,2021-12-09
0.45316350006523254,0.33195851146425903,0.5033224722014893,0.41654727338019687,0.018889200706734298,0.09335599943334752,2021-12-10
0.3889646401713502,0.3290213709770753,0.45857272403306454,0.4178740260501817,0.02377512036536676,0.1163054256976909,2021-12-13
0.4203243258516365,0.3071074346488771,0.4392953407193103,0.34004670957016037,0.029000248039494816,0.13868819946168012,2021-12-14
0.42293519838467314,0.31050285372775627,0.4795112842431179,0.3837234252813422,0.009920561149884613,0.10185578693865985,2021-12-15
0.4113312417656984,0.3155855568100733,0.483006853327548,0.3982380622408398,0.006858521226221697,0.11998866694999291,2021-12-16
0.4433871807787325,0.32418865826260995,0.4733162498926615,0.3738789026547726,0.01776767510595157,0.13415497945884688,2021-12-17
0.44773866451084804,0.32650083872274993,0.5092060358838896,0.39892799954236996,0.005146182865716919,0.15257118572035702,2021-12-20
0.4505816214881341,0.3276882055608258,0.5280334819152026,0.40919705225148323,0.003117046628878419,0.12622184445388865,2021-12-21
0.4386295603355761,0.32539681260234815,0.5175814705298191,0.41256701537024254,0.0011663458791064674,0.09250602068281624,2021-12-22
0.43323371873712957,0.3167520725761452,0.4964698534565543,0.4010773323894608,0.001208619550707269,0.08301459130188413,2021-12-23
0.24758158079439618,0.19046651898561964,0.2794074940470246,0.22804840893835762,0.049405981345370074,0.17514134753891877,2021-12-24
0.42212292496259146,0.31179434878516876,0.4756350639929794,0.39577032170952164,0.004051141974852767,0.07904802379940498,2021-12-27
0.41675612158566455,0.32177228601279195,0.49781961249433754,0.3838295476796585,0.002612309176391734,0.07706474004816544,2021-12-28
0.43842646984726485,0.3177727897640435,0.4830414435763742,0.3847582907443592,0.0062096458332166135,0.06870661566794162,2021-12-29
0.442487881223255,0.32716743732346004,0.5102443242536167,0.39311681636955204,0.0037878228397007843,0.0740898144213061,2021-12-30
0.24758158079439618,0.19046651898561964,0.2794074940470246,0.22804840893835762,0.049405981345370074,0.07253152004533217,2021-12-31
